,WMB,BATS.L,SGP.AX,NAB.AX,6301.T,006805.KS,GEN,GILD,RKT.L,OC,CI,EDP.LS,MDT
2023-01-02,,,,,,,,,,,,,
2023-01-03,0.0,0.0,0.0,0.0,0.0,0.003726708074534235,0.0,0.0,0.0,0.0,0.0,-0.0004236196160420924,0.0
2023-01-04,0.006220744595648142,0.0020942408376962707,0.008333391834189907,0.009517358460890302,0.0,0.025990099009900902,0.011563366803683417,0.0012882142070245184,-0.007922838442990021,0.03442282409275821,-0.034776728914056254,0.029237291859813608,0.034628149891374305
2023-01-05,-0.010200866520021945,-0.0040304523063143805,0.0,0.008080800166767821,-0.003547357218871894,0.012062726176115701,-0.035208067133785326,0.004093549404925012,0.012152777777777679,-0.009971981956845233,-0.01969057554600695,-0.018731907572504203,-0.011609267966342873
2023-01-06,0.01686448806394103,0.0022482014388489624,-0.005509702125222393,-0.0060120341337677186,0.008721965112139518,-0.0035756853396901045,0.018957327549697922,0.02597557829434116,0.005488850771869558,0.016296994471020287,-0.004964034825292618,0.002936844636517444,0.010371133871232896
2023-01-09,0.002149867686481066,-0.017646179153581576,0.008310307667627637,0.008064508376086632,0.00463208046585506,0.0071770334928229484,-0.0004651269247365475,-0.03383291660971477,0.004776526782668045,0.0032293237892839777,0.0011894273749579742,-0.002719098738899861,-0.04105861575270875
2023-01-10,-0.015016906602114966,-0.03988430506926477,0.00549450009618635,-0.0023333231608072547,0.0015369077416238497,0.0011876484560569,0.005118688297959029,0.02397180907291907,0.0020373514431240025,-0.004439936871394212,0.0024749207327481315,0.002726512395315517,0.01741034895771776
2023-01-11,0.009023052925780206,-0.007927699381639397,0.01639342660450316,0.004343440008055088,0.013504033672395721,-0.008303677342823224,0.018055526979666725,0.0005738243299064916,0.004405286343612369,0.01783920649535453,0.01790711441585091,0.01024885692731381,0.01812650926910031
2023-01-12,0.016342854588635047,0.01406424804219264,0.00537633891739131,0.024617424626257156,0.01661187056584179,0.005980861244019087,-0.0013642877197711512,-0.01685974514900379,-0.001686909581646412,0.0005476549661724839,0.0032014688070451935,0.019461669597454767,-0.005851608845728218
2023-01-13,-0.00455090155789184,-0.015287628053585522,0.005347588469388986,0.016233766635888935,0.008851063829787176,0.007134363852556502,0.018670390339435183,0.006416185423833598,0.015207840486650914,0.003174960884107625,0.012861808454240675,-0.01909014353147709,0.009267349754669807
2023-01-16,-0.0006858258016997354,0.004801536491677361,0.018617003569240342,0.01118212108629435,-0.014341150666441704,0.0,0.007375926635035501,-0.0074764664520201585,-0.0026631158455392434,-0.00924913200334998,0.0018857019980413892,-0.005383027598110934,-0.0022335079539210767
2023-01-17,-0.00022876549384476252,-0.002867155144950617,0.010443854477762304,0.0006319260033089691,0.013865114686751223,-0.00708382526564344,0.002440640228411173,-0.002510928355620945,-0.0016688918558077637,-0.0031118256876734307,0.0006273842729034307,-0.0033305150575926312,-0.0007461692262087372
2023-01-18,-0.03355700168042197,-0.019009584664536727,-0.002583976940302213,0.0,0.016039169339861603,0.0023781212841855748,-0.011509527539868336,-0.019552812630082017,-0.024740889334670668,0.005082862811852662,-0.02107941158234128,-0.007101069158914286,-0.020161731772891822
2023-01-19,0.007891414065395619,0.012212994626282336,0.005181404116229027,0.001262993624324249,-0.01462279827185109,0.0,-0.01746526605378096,-0.0014329486535539226,0.001028453890983938,-0.04694367508844133,0.0074588741075616305,-0.004206979415259604,0.010034208719022386
2023-01-20,-0.01471973743222732,0.004343629343629418,0.0025773170536871337,-0.003468896442093916,0.004215851602023646,0.0011862396204034287,0.022333626216532343,-0.007294912584495217,-0.006506849315068508,0.019840825611530777,-0.007403651205285189,0.002323548603040404,0.01747996828121301
2023-01-23,0.006993045998266112,0.0003203588018581005,0.0,-0.002848106060171496,0.013937867338371213,0.0028436018957345155,0.016941558430514814,0.002650297735712348,-0.004481213374698423,0.015043480902265483,-0.0006160719057355379,0.00442569208719612,0.01804472893821396
2023-01-24,-0.0075757502779744135,-0.00928742994395515,0.007712074699419258,-0.005395115044719345,0.022524014574362372,0.000945179584120881,-0.006576046560379689,0.009491688745282278,-0.013850415512465353,-0.00033428549154213005,0.002660793623364466,0.005665217879373241,-0.019060333161022847
2023-01-25,-0.0012722937292577452,-0.010182641021496686,-0.007653053777012309,0.004467115155290635,0.012309685779073432,0.0009442870632672129,-0.0026478140488264135,0.0005951327511977134,-0.005617977528089901,0.02396613028447847,0.014887233402047784,-0.001043211810996203,0.0049504193239715555
2023-01-26,0.0009554358920373929,-0.0104506858262573,0.006426728916182789,0.004923783001888005,0.0009600000000000719,0.0,0.004867199165762948,-0.005352646007799278,-0.0024717514124293904,-0.0018506223363357055,-0.001243611516354548,-0.007101069158914286,0.007881766178592153
2023-01-27,0.0025453363960954434,0.002145214521452221,0.006385689818774853,0.004899658148382002,0.01534526854219953,0.007075471698113178,0.005724397769972578,0.0013154820227037067,-0.011681415929203576,0.00458063210559656,-0.015645032640750678,-0.017038351888757575,0.009042100760963123
2023-01-30,-0.015233244644548338,0.010044459081179014,0.005076137217272736,0.001258226078224789,-0.012909319899244376,0.0,-0.006567408823474841,-0.004538455363396698,0.02542979942693413,-0.005645470296549937,0.006681795783842537,-0.016049606576169273,0.0
2023-01-31,0.038994552531287585,0.009455493968046902,-0.0075757502779744135,-0.0012566449347968245,0.006379585326953707,-0.0023419203747072626,0.014103115350037276,0.007078632010633301,0.007684247293049173,0.05524626477023853,0.020331319673907444,-0.008699426146501432,0.01344151835480023
2023-02-01,-0.011786633012771941,0.006782945736434121,0.027989794714326832,-0.0018874291149110212,-0.008557844690966765,0.01760563380281699,0.015210794349771684,0.0007147671771350339,-0.013171577123050282,0.025452654378013362,-0.010705196275905382,-0.0024133734512600258,0.024853556470098237
2023-02-02,0.010985513729317997,-0.0004812319538017862,0.007425794577133882,-0.007248646251323487,-0.020460358056266004,0.028835063437139485,0.0089896866004191,-0.03107143583751859,-0.011942395504039305,0.038946630880641875,-0.03750638421151742,0.02837039561649579,0.02110301106248902
2023-02-03,-0.004035928503973052,0.003209757663296342,0.029484000122314002,0.01269840058826266,0.0013054830287206887,-0.008968609865470878,-0.09630888787249947,0.0382110902282069,0.031994312122289426,-0.01913179758520811,-0.02964879938181486,-0.005774155202333042,-0.005480741572254533
2023-02-06,-0.01184541915291848,-0.004319308910574304,-0.026253014800046492,-0.0006269736051048858,0.014993481095175953,-0.004524886877828038,0.00046949433051790557,0.022011841542622035,-0.003789183603169155,-0.013762370194538964,-0.014183649299109535,0.005162333866001401,-0.021354772019935186
2023-02-07,0.012933748818436674,-0.0032133676092545027,-0.01960782480441492,-0.004705132449152383,0.004495825305073753,-0.007954545454545436,0.024870985449462646,-0.003589596530834127,-0.005186721991701226,0.0022086258343045895,0.0019414698164395006,-0.00299592111870306,0.015720366035517186
2023-02-08,-0.009342919299492825,-0.0035460992907800915,0.0,0.010400309984732736,0.0019181585677749968,0.020618556701030855,-0.016025658380238283,-0.004416093774963992,-0.005561348627042051,-0.01762999202593385,0.004152291373810568,-0.005580601703206289,-0.004850983599710035
2023-02-09,-0.015403954081884996,-0.023616952442575223,-0.02249997854232777,-0.0034310856406638557,0.0,-0.02020202020202022,-0.008841346490518376,-0.0016341705689353336,-0.004194337644180313,-0.0027531012940410493,0.0045141195847338,-0.009065361068041122,-0.02959613444026843
2023-02-10,0.015964240257723583,0.008946322067594492,-0.002557542261826362,-0.008450718351057485,0.01467772814294821,0.01145475372279492,0.005164348088809723,0.013679389519978713,-0.0045630045630045135,0.006748425481802656,0.017152069680283155,0.005663259079613958,0.0009568452394530524
2023-02-13,-0.00031427495216040935,0.018555008210180635,0.0,-0.009469733002501424,0.017924528301886733,-0.029445073612684003,0.0018683286227196838,0.009111890926581712,0.020803949224259544,0.03392244564637492,0.006913722051370641,0.0036819842208939413,0.008364164509760519
2023-02-14,0.00345805131085708,0.0030630340157988822,0.0,0.00732955563212756,-0.0012357120790855713,0.001166861143523823,-0.011655011240463087,-0.020688051237720884,-0.008635578583765069,0.01581532968651289,0.0026794875385534045,-0.002805354323773046,-0.011731222549232201
2023-02-15,0.005639047537497666,0.01237544198007079,-0.01538466146946782,-0.04112626128781072,-0.0018558614290132835,-0.010489510489510523,0.015566033576892124,-0.007352909094001436,0.005923344947735165,0.0008702865748335675,-0.0026055545746398456,0.005626492953882067,0.013069500215205698
2023-02-16,-0.0003114742058715203,-0.006826480393713252,0.026041704501647,0.006598507636537132,-0.003718624109079638,0.008244994110718551,-0.008360441218537962,-0.019517972987010523,-0.007620367163145181,-0.017584538114243653,0.0028468287954386273,-0.0023670496995269463,-0.003432369781745548
2023-02-17,-0.025864752875020325,0.010869565217391353,-0.015228411651818319,-0.0216322465572234,0.014618973561430826,-0.007009345794392496,-0.014519881049343653,0.016428861453524624,0.008027923211169297,-0.017210857540791324,0.005443692758518637,0.014883469580598385,0.007125963482925712
2023-02-20,-0.011276374997918004,0.0012650221378873727,0.0025773170536871337,0.015075338353099932,0.013795217657878611,0.007058823529411784,-0.010693956678530236,-0.0010618458903749461,-0.01350415512465375,-0.01966378518898826,-0.017637646888526648,0.002763020543016692,0.006102548235675576
2023-02-21,-0.0038016606167013967,-0.003474415666456121,-0.0334190516542725,-0.0066006224629272525,0.006047777441790192,0.007009345794392496,-0.003603184525396097,-0.0003543248685304867,0.0038610038610038533,-0.006686068477292473,-0.005984772941356575,0.023314992587193384,0.0020218443425994437
2023-02-22,0.0038973344695241163,0.004595879556259952,0.013297859692314562,-0.001328934053833719,-0.018635407273820292,-0.0058004640371229765,-0.007714553962287041,-0.01346880195970157,0.0174825174825175,0.0006166394974180811,0.003197504613502433,-0.014498792598555021,-0.004561930043207041
2023-02-23,0.004529258826902138,0.004574854077930235,-0.015748016714081325,-0.009980014716914343,0.0013782542113323082,0.003500583430571691,0.00048591977254197616,-0.011496995023624668,-0.009278350515463885,0.008010668145166822,-0.0009155686930556461,-0.0002101571127358648,-0.01304348566691349
2023-02-24,0.0041868299938656595,0.010207286432160734,0.02399997711181645,0.0030241986524093267,0.0013763572411684688,-0.005813953488372103,-0.020398255132657583,-0.022776801945301517,0.008324661810613865,-0.0031584837816486244,-0.0031222906133148154,-0.0006306038640950806,-0.005953089804943135
2023-02-27,-0.015394468811363304,-0.0010881392818280489,-0.020833313930779362,0.00469009674570553,0.01252290775809417,-0.010526315789473717,-0.008924159865886017,0.0028514222303104297,0.002751977984176035,0.0023508111768451023,0.008953713501739458,0.009465628457608455,-0.001197729987779672
2023-02-28,-0.01954398588139572,-0.02163087457205104,0.021276575507703344,0.00033345211597723967,-0.016591251885369585,0.0035460992907800915,-0.024011983378300683,-0.004450495896500595,-0.011663807890223032,-0.0028550910591228496,-0.014374340189662882,-0.0047926160684690355,-0.007075145007902073
2023-03-01,-0.005315609481208128,-0.004453634483855606,-0.01562498544808455,-0.02066669464111326,0.02944785276073625,0.0,-0.016401829373149268,-0.011672699064387837,0.015272474835126726,0.006442348374269713,-0.011468695766916337,-0.014237822331833572,-0.008695666596208462
2023-03-02,0.016032048552915512,0.008148266496245338,-0.007936500427734305,-0.018720192402013613,0.002681764004767606,0.0,0.005732084415928318,0.0003770123140101056,0.011623931623931716,0.007112422176996036,-0.004017328699945866,-0.015718002485873184,0.0021929861252474314
2023-03-03,0.018080185262364656,-0.0034865293185419866,-0.005333328247070335,0.011099538524837138,0.016641901931649272,0.0011778563015312216,-0.002072487552325919,0.01821146568981291,-0.0074349442379182396,0.021690817563647657,-0.0021558299144003312,0.04531723049181324,0.013980081400610578
2023-03-06,-0.008718067691354747,-0.0031806615776081015,0.016085775461857743,0.011320752247841348,0.0014615609470916002,0.0117647058823529,0.0005192226772061659,0.0004934120596757907,-0.01532175689479065,-0.016194326493647937,0.0052270271931538215,-0.01713453935206055,-0.01774371528538743
2023-03-07,-0.010749182915474886,0.0007977026164645018,0.007915559813120199,0.007801884186151575,-0.0017513134851138146,-0.009302325581395321,-0.030098594184120975,-0.010233039388594989,0.004840940525587811,-0.00833076607990857,-0.023399313521116127,0.003360595144033418,-0.026730165180627985
2023-03-08,0.0,0.006057707635899856,-0.005235597192677299,-0.008751205975939813,0.011695906432748648,-0.008215962441314506,-0.018191553925765214,-0.0009965350307817866,-0.0006882312456985007,-0.0026316004878486066,-0.008519075273623167,-0.01172278761580936,-0.016804569523313995
2023-03-09,-0.01580511808761198,-0.007288860719378842,0.007894729412163404,0.014940530231248417,0.0026011560693641744,0.002366863905325367,-0.0332425393825907,-0.015586035505795626,0.0006887052341597588,-0.02689264766854016,-0.02645716187404934,0.005930920732012179,-0.0051020601797675535
2023-03-10,-0.033121438318296614,-0.006065442936951326,-0.020887708955525053,-0.0297758249522303,-0.01383684058806578,-0.008264462809917328,-0.06369781146256337,0.006966473375779714,-0.010667584308327593,-0.026801540423220138,0.013643298174466745,0.0010528773140885406,-0.016410240760216355
2023-03-13,0.003806249543374829,-0.03211819495744339,-0.013333320617675781,-0.015862037395608874,-0.03040046769950311,-0.011904761904761862,-0.01143892396603563,0.00012581303434555657,0.0017391304347826875,-0.01189456294450808,-0.009396410962944413,-0.007782957054265904,0.01642338524742426
2023-03-14,0.008273001352106846,-0.004479840716774541,0.0189189006326147,-0.01541697687256316,-0.02864033765450713,-0.03614457831325302,-0.03166872444260305,0.003269959751610596,0.009722222222222188,0.004771743257509176,-0.003369283835507053,0.017807952192146814,-0.001538891272327203
2023-03-15,-0.01606835259331596,-0.013333333333333308,0.03183027177315001,0.007473276926043715,0.01613904407200506,0.004999999999999893,0.003773611387183573,-0.0015042637863509345,-0.00343878954607979,-0.030329251394598078,-0.0065043159500629555,-0.00895651326667013,0.007064000095636791
2023-03-16,0.001389819569993067,0.0028716216216215784,-0.010282827556014174,-0.017308363841816554,-0.02810018326206476,-0.003731343283582045,0.013157897095553706,0.0025109471991309196,0.014837819185645307,0.03350403226765253,0.015054029977573435,0.012610328726011977,0.010967898747498817
2023-03-17,-0.018043041751213407,-0.0067374094660602735,0.015584463034901574,0.0165349028349151,-0.004714016341923366,0.0024968789013732895,0.00927641421289671,-0.03180965515422696,-0.012240734444066592,-0.03284863190615306,-0.018146633391611378,-0.014321247322120811,-0.01236275727311742
2023-03-20,0.02084806249094351,0.0059352212989656206,-0.023017941333055014,-0.014851487485722847,-0.011998736975055269,0.0037359900373599153,0.01960782480441492,0.027810135736318076,0.004819277108433662,0.016592403264293232,0.012803791178908286,0.0031585315343583,0.016860386759331547
2023-03-21,0.010038107360820892,0.010283209710047148,0.007853395789015893,0.00538404936267467,0.013263023330137402,0.001240694789081953,0.0252403901261693,-0.004027179694326866,0.013703323055840988,0.01719793711336437,0.013631371578975537,0.00818640529637582,0.020349236705964557
2023-03-22,-0.018505857089780697,-0.0025029200734190127,0.0,0.0014280259854286825,0.013089418072859127,-0.0024783147459727095,-0.03634225974757477,-0.016805684120698272,0.017573504562352182,-0.006784377011383902,-0.022341091695714743,-0.009993724572780027,-0.015880842819357532
2023-03-23,-0.011871513960673541,-0.05536968885915017,-0.00259740018466581,-0.014973265159274107,-0.0006226650062266526,-0.003726708074534124,-0.005474461658407148,0.012209286819747422,-0.006310195948189934,-0.0008674165471411754,-0.05124987333241704,0.009674027909062577,-0.029647268879171906
2023-03-24,0.015547722470656833,0.01717726226314853,0.00260416424134724,-0.016286604026749307,-0.0024922118380061864,-0.006234413965087282,0.003058057241222656,0.015744004953487822,0.020053475935828846,-0.003581137553882896,0.014147654036883006,-0.017288102699657082,0.023204886668033886
2023-03-27,0.006611013763770268,0.004700557103064051,0.015584463034901574,0.00846208755165212,0.011242973141786461,-0.005018820577164407,0.023780567443209666,-0.005249977111816406,0.005242463958060384,-0.0068612203823988915,0.00603361660111279,0.0178041779950866,0.0034017466766187443
2023-03-28,-0.002073953173503673,-0.0015595217466644051,0.002557542261826251,0.009120758897910086,0.007103150092649724,-0.0025220680958385477,-0.0053603423275968565,0.01746669210437246,-0.00032594524119944346,0.002522159462457152,-0.02016960349880803,0.002290744751713092,-0.0016323110800383622
2023-03-29,0.01385519940777713,-0.0020826102047900585,-0.0025510179256705845,-0.022415001276392732,0.007666360012266171,-0.0012642225031606058,-0.0035928964401109598,0.0039520771890813045,0.003586566677534986,0.006125631144220378,-0.009629634388706121,0.006233062894452024,-0.0055339256645013934
2023-03-30,0.004783033394565761,-0.009217391304347844,0.0,0.023298784742452838,-0.012172854534388322,0.0025316455696202667,0.008413539791603863,0.0019682129525513403,0.001299545159194393,0.014133457000632843,0.00023618296611460643,0.016931706934283586,0.0013911801034034443
2023-03-31,0.015300944075967049,-0.0028084956994909316,0.017902795832784646,0.001806983625684211,0.009550215650030891,0.005050505050504972,0.02264595621077814,0.018661808832562965,-0.0009733939000649006,0.027015483548872288,0.0056672929362056035,0.018477076090814615,0.018186441473303727
2023-04-03,-0.0003349038405031646,0.011265622249603924,0.02512560405862696,0.00685427629019042,0.007018614586512095,-0.002512562814070307,0.0,0.003254147753333214,0.008444300097434132,0.009290181224395067,0.025319928194776464,-0.007575684117804626,-0.011783732886029852
2023-04-04,-0.0060301609003503565,-0.021235857267188907,0.0171569051397904,0.0057327068537029735,0.013636363636363669,-0.0025188916876573986,-0.005827528109495161,-0.013455011363893599,0.008051529790660261,-0.03113043810351024,-0.020839662042282936,-0.002410623448758642,-0.0025103169679768778
2023-04-05,0.009100116517336998,-0.0023119331317802416,-0.004819272401665575,-0.001068713203527638,-0.04095665171898355,-0.0037878787878787845,0.00879247498393676,0.018631255822267434,0.012140575079872207,-0.00437664027299034,0.036407562277971595,0.01772046300637653,0.010066634076694392
2023-04-06,-0.009686069150114274,0.0117647058823529,-0.0072639731179307,-0.005706196488465154,-0.04301745635910226,-0.0038022813688213253,0.0034864251297461735,-0.0033472656806856627,-0.01672979797979801,0.0025732336421384616,-0.0022190323719554206,0.0035615603953804698,0.0003738184869352956
2023-04-07,0.0016020281323956276,0.0014799154334037556,0.007317077992999188,0.0026542385248997657,0.0016286644951140072,0.010178117048346147,0.000579024422676433,-0.0023089967826962488,-0.0011556982343499111,0.007191730164043841,-0.0020637814946538047,-0.0006309067003987812,-0.00018681564666189754
2023-04-10,0.004798397229833995,0.004433185560481556,0.021791781811874245,0.00794163657694602,0.0055284552845529245,-0.0025188916876573986,0.001736068042233363,-0.0069430217630016555,-0.003471106254419265,0.021421135466052066,-0.00620414849080686,-0.0018939149848500314,-0.0005605516598066185
2023-04-11,0.011058978619925997,0.0014712063892390326,0.007109009291251134,0.002626354638256112,0.017787839586028475,0.018939393939394034,0.026574292663979815,-0.0007263627082577662,-0.0011610656002063457,0.019438698606072835,0.012846844562529824,-0.0006325029016736039,0.009471612119441808
2023-04-12,0.005303276334355234,0.0,-0.016470628626206296,-0.004955730607024478,0.033047346679377254,0.00867410161090465,-0.009003930404639093,-0.004603795119978993,0.008072328059412381,-0.0003058914998493867,-0.021427580821246628,0.0007910818629204286,-0.0023457091531635665
2023-04-13,0.0056050140692904815,-0.015739769150052485,-0.009569369257348859,0.0007114389890008344,-0.0024607812980621535,0.0012285012285011554,0.005678504864009559,0.01351013791968625,-0.0012812299807815064,-0.0012240182115604847,0.011657815979592812,0.006719351833170295,0.00965225594433794
2023-04-14,-0.003606577388575727,0.00746268656716409,0.014492740269210325,0.011731245415972591,0.009867406722170902,0.01717791411042935,-0.007905104284911202,-0.0032424240897203083,0.008017960230917165,0.006638087602467202,-0.017853726161503602,-0.027090697912138362,-0.010785602315431131
2023-04-17,-0.0023033792770679185,0.004585537918871285,0.01904771528006588,0.007378812318228789,-0.007633587786259555,-0.0012062726176115257,0.02219689222665866,0.007590328354433407,0.011135857461024523,0.006695786386859748,-0.001659562584531371,0.006053311281057239,0.017469999728703334
2023-04-18,-0.005277039875413392,-0.004564606741572996,-0.004672892510771409,0.0031391751778302446,0.006153846153846176,0.0,-0.0050110384090757965,0.0017936330360548425,0.004405286343612369,0.008767460322036902,0.003943205476953482,0.0008021881335833481,-0.005723346383140315
2023-04-19,-0.00265251737767902,0.033686067019400356,-0.009389773835924098,-0.005215563885136776,0.0009174311926605228,0.0,0.0,0.003938909475566188,-0.0028195488721804995,0.009190791038654833,-0.0138241607460442,0.03006014073099239,0.039436633931752674
2023-04-20,-0.008311170233846199,-0.005459819143490918,-0.004739332208735791,0.017126870348296297,0.004582951420714965,-0.0024154589371980784,-0.013430423458060226,0.00689575349953464,0.01068174677976752,0.009404124026982208,-0.0012495404786886377,0.0019455698719061942,-0.016260219608253523
2023-04-21,0.0033523426659569644,0.0022302281694972503,0.0023810069847565174,-0.011340203415124095,-0.00669099756690994,-0.006053268765133124,0.001134455967994663,0.022198573612259187,0.005906123717749345,-0.006668630940819487,-0.014309186330348944,0.003106756060206717,0.026829626907154402
2023-04-24,0.01336450432515024,0.000342348510784074,0.014251767751990219,0.0006951844784650607,0.002143294549908248,-0.0073081607795371095,-0.006232221268007598,0.0015016432237060506,0.0009270704573547395,0.0013821639686348863,0.01578617746870159,-0.005420030687046995,0.046191519064630704
2023-04-25,-0.01318824990228995,0.017111567419575646,0.012880577752430789,0.0008683437907357483,-0.0021387106630003094,-0.006134969325153339,-0.010262274559885265,-0.012802775656545973,0.0033961099104662384,-0.01459137683605094,-0.009332289467741783,0.0054495675101833285,0.0
2023-04-26,-0.016371525764182104,0.011776581426648614,0.01271677830076734,0.000867590423978104,-0.01041028781383957,-0.006172839506172867,-0.00864064058785008,-0.021614657708567964,-0.03446153846153843,-0.014006942863733829,-0.021835987538204815,-0.0030971340203197473,0.0031218505036811894
2023-04-27,0.012567898273531997,-0.014632524110409051,0.0,-0.003814168161219378,0.01825495049504955,-0.003726708074534124,0.03137716120011569,-0.0022688657375034005,0.005736137667303964,0.05428714671182022,0.008703725986406008,0.007766982740254447,0.015671846321931193
2023-04-28,0.015095631365360296,-0.012149848126898455,0.015981665067411388,0.003828771740488568,0.016104527499240406,0.0174563591022443,-0.004507037955270632,-0.016038347317055668,0.018694550063371285,0.02800766111625186,0.011824357581700529,-0.03660887381997735,-0.004705628344278234
2023-05-01,0.0033047052449879377,-0.011146224803553095,0.011235998399541591,0.0121359354929933,0.02511961722488043,-0.007352941176470562,-0.0005659439071113992,-0.009609547796194495,0.001166407465007735,-0.006834526207517566,0.006356353006543136,-0.009299969673156716,-0.0029686272911044753
2023-05-02,-0.03491440553296943,-0.0037572878427984957,-0.028888914320204018,-0.0034258437697886057,-0.016919486581096876,-0.0024691358024691024,-0.04133632777710938,-0.012036302500346263,0.0003883495145631244,-0.006127465258853437,-0.017575503471210063,-0.0031290903362842792,-0.004962471843049876
2023-05-03,-0.011604101073075634,0.0005202011444425114,-0.011441582427251795,-0.018563111471118554,-0.0018793273986152936,-0.0012376237623762387,-0.010632032010108872,-0.012307377711545886,0.006211180124223503,0.00872615162934931,-0.017650340233464012,-0.008505526936421814,0.0050980723413360796
2023-05-04,0.004834299082286053,-0.027902946273830165,0.02314812515252984,-0.06409807259576206,-0.001882865920126764,-0.0024783147459727095,-0.01791040221257001,-0.01170547943232314,0.0,-0.023695314332135453,-0.00939023397802341,0.014501654515889584,-0.015657798656001587
2023-05-05,0.03711339895355392,-0.00017828489926907665,0.02262441242227653,-0.005239498250228847,-0.0018864177918983538,0.0006211180124222615,0.04255311994683075,0.015664842199687,-0.0070987654320987525,0.00992004970752891,0.06996588954061966,-0.020334171934403678,0.008849568110616657
2023-05-08,-0.020543433829159685,-0.000936162624821657,0.013274323679807187,0.01956359891859516,-0.005669949268874985,0.0018621973929235924,-0.0058309261629182485,-0.014545500465321326,0.003963319863226511,0.010967018111626814,0.015149238149010591,-0.001644137597991202,0.0014435363794886857
2023-05-09,-0.003721201116044126,-0.00031234661550127996,-0.030567656947101063,0.009594104251733349,0.005402160864345751,0.0012391573729864103,-0.0029325067036874986,0.00267218124001789,0.0013158913228576985,-0.002735599563092994,-0.007178185344967725,-0.011527327736925663,-0.006541789015566901
2023-05-10,-0.00984722947417671,-0.016604177825388367,0.009009000301245074,-0.04020469140828664,-0.0035820895522388208,0.0,0.01411763359518603,-0.008756375820861861,-0.009894867037724131,0.00037836658215550933,0.0025115249463396605,0.005206183908603057,-0.0021204778487423637
2023-05-11,-0.005486963245862619,-0.009622367465504711,0.0,0.004188903632627472,-0.011983223487118,0.0,-0.004640366865901968,0.007553403319426444,0.007807620237351598,-0.006997026079962332,-0.013095509763423663,-0.005800777697970161,-0.004362006521293149
2023-05-12,0.009655196091224338,-0.006782768102658099,0.0,0.0015168375770091558,-0.006064281382656134,0.0,-0.05477858638788846,-0.00673441931192742,0.005577936163619457,0.003047035850818114,-0.013192279522235562,0.015419954547947645,-0.001572673499525945
2023-05-15,-0.006147551262110418,0.00221483942414169,0.008928562875609058,0.0018931933869528184,0.006711409395973256,-0.007425742574257432,0.011713966837297196,0.0026864409542237677,0.0030816640986133237,0.01898614077776073,0.005573498986474412,0.0008207900603380835,0.0048379873814548
2023-05-16,-0.015463943540907965,0.0018416206261511192,-0.008849549119871458,0.0,0.012424242424242449,-0.0012468827930174342,-0.057891518470364445,-0.0007654702819108739,0.009216589861751112,-0.006334942230114549,-0.009767458420391395,-0.001025146145655853,-0.004590707019624052
2023-05-17,0.010471244272378222,-0.016727941176470584,-0.011160756812943928,-0.010204027201704657,-0.008979347500748247,-0.0037453183520599342,0.037516227422331294,0.006256356814080988,-0.014307458143074547,0.02278260446604974,0.030295935582442146,-0.009647045581891556,-0.003599546561661948
2023-05-18,0.008980943512306938,-0.006917180781454424,-0.004514668555645085,0.008018292485316048,0.017819389912413275,0.00877192982456143,0.0049875261309126895,-0.007613227924223809,0.004941321803582532,0.023191919457537402,-0.025568007579656493,-0.015336763662101571,0.004967202561712458
2023-05-19,0.0010270690717499864,0.00395331325301207,0.006802768899403677,0.01515150092083739,0.010385756676557945,0.008695652173912993,0.004962774165082395,0.008183089082473893,-0.0009219422249538978,-0.013348911095683702,-0.005302294059584045,0.004630569628212511,0.0034824219240456866
2023-05-22,-0.00034200509439519244,0.004500281267579176,-0.01126130407443382,-0.008582072715818234,0.026725403817914772,0.014778325123152802,0.053086337191436295,-0.0029168767532005146,0.003383574284835378,-0.003541263955096796,0.0015286300403103414,-0.014037275420476836,0.0019030355475289085
2023-05-23,0.005131701022216273,0.022400597349262696,0.013667413349507385,0.0037636576070119165,-0.014016018306636124,0.0012135922330096527,-0.0058616872567529565,-0.0005087880199684536,-0.009809932556713696,-0.014762120910540966,-0.014088940369916814,0.006162406120781672,-0.0264804776154417
2023-05-24,-0.0037439995284213046,-0.0007303268212525138,-0.013483133786796553,-0.002249698754058782,0.006962576153176636,0.00484848484848488,-0.007075409101562236,0.005981181086170295,-0.011455108359133104,0.0009248841248687967,-0.00857416512309106,-0.01583955311245755,0.004131764279809325
2023-05-25,-0.0064913061525840865,-0.02685912662159695,-0.011389456815116494,-0.021420506642246373,-0.01930279458369344,-0.014475271411338975,0.0,-0.017710328549415233,-0.003758221108675186,0.0087783860425652,-0.010770288444026943,-0.017381942892506608,-0.045147983137372116
2023-05-26,-0.011348002908247445,0.002628614344724056,0.0,0.007296413979605232,-0.00381903642773207,-0.007343941248470043,0.01603328119460734,-0.007211914706809708,0.008487896887771074,0.005770860981764603,-0.012020889353865472,-0.007643556986518307,-0.02489827397964617
2023-05-29,-0.004956535671068241,-0.020365168539325795,0.01612896137399411,0.012962263001202512,0.012975523444411774,0.0055487053020961685,0.004821684646947766,-0.0073939020262580035,-0.014728802992518664,-0.0033470319641047963,-0.0044858869644436306,0.005501676433048219,0.009575260194106594
2023-05-30,-0.0016604084306377498,-0.0069295101553166205,-0.011337803997214624,-0.001881792910606861,-0.006113537117903967,0.0018393623543837556,0.0015995158546104893,-0.0024829930158437596,-0.00498299454243456,-0.0011194240695101554,-0.001502033607795883,0.003720770240767779,0.003161481391116716
2023-05-31,0.003501413982481827,-0.016554379210779624,-0.022935757240897803,-0.020739107651416733,-0.03573520796719387,0.00244798041615657,0.018583136755684126,0.007991623158895012,-0.0069952305246422375,-0.027261877175888793,0.019658771366879657,-0.005233355435314557,0.003151541045217865
2023-06-01,0.01570135259369465,0.0011743981209630938,0.021126683313431593,0.0026954795542430965,0.002430133657351119,-0.0024420024420024333,0.0005700297041804081,-0.00948795598868779,0.005443483829650875,0.021630728700801516,0.024170387773430724,0.0024112575383807844,-0.00012085712871301446
2023-06-02,0.03847471344560871,0.005083088954056736,0.00919539373102718,-0.009600614101780924,0.014242424242424168,0.00244798041615657,0.025071256591764568,0.022044355404251315,0.00445859872611476,0.0450151846937894,0.014365205408328086,0.01508861684481233,0.012205463881939105
2023-06-05,-0.0029771800843775287,0.0,0.004555804449835721,0.010081361469695294,0.05138930385419771,0.004884004884004867,-0.0011117541977838652,-0.0021825416648790785,-0.0015852885225110525,-0.0008808886282432038,0.022215272467013047,-0.001292555300575815,-0.0003581516061578194
2023-06-06,0.006967518117913851,0.014977630811126241,-0.013605429672463698,-0.011132399872247789,0.008809320829781253,0.0030376670716889542,0.008903720285242667,-0.019557440151661165,0.0,0.022218341678221787,0.001750863932992841,0.007980953668113022,-0.0015526678323216636
2023-06-07,0.03459635004491246,-0.008432349559218122,-0.016091884220427732,-0.01785718120085822,-0.01802816901408455,0.0030284675953966556,-0.01985652066559207,-0.0015747391337693761,-0.011432200698634487,0.012937726137776107,-0.0053571565224711515,-0.013267665245815019,-0.00849281217023512
2023-06-08,0.009554176689611671,-0.002126014688828781,-0.037383251496717174,-0.005533572880245807,0.004589787722317773,-0.0012077294685990392,0.000562759067204599,0.03049421186892287,-0.017989078059749475,0.006130800457555985,0.010390011581501435,0.005421838004014079,0.002533467077077578
2023-06-09,-0.04132496346254155,0.0034863451481697005,-0.004854364437391179,0.0015898615170881758,0.01913192461450608,0.0048367593712213,0.00224966291529749,-0.0035714129317261367,-0.013084723585214286,-8.464908531202742e-05,0.005179369651838295,0.001941290815423491,0.007581286334303439
2023-06-12,0.005593947999612325,-0.0044392974329280355,-0.0018292229775503932,0.0005951949348086405,-0.0005603810591201519,-0.004813477737665495,0.027497181790664404,-0.0033282402341164863,-0.007292011932383158,0.017012290395867824,0.004174760535496924,0.005812691177567997,0.0065686778969624715
2023-06-13,-0.002617798596338705,-0.0005816207832493037,-0.000610858388717439,0.00019828029617507958,0.02242781048500131,0.0,0.006553841765894353,0.007577656476568162,-0.0010016694490817546,0.015895439201930817,0.01970114969856196,-0.0074914058061865685,0.017441875201642976
2023-06-14,-0.009186311794686208,-0.0029097963142580285,-0.00488997070424535,0.011498847082592523,0.051275020564847784,-0.008464328899637219,-0.004340744567626897,-0.006373486544937412,-0.013034759358288794,-0.005816327404339017,-0.03114788241075528,-0.005175796293359847,0.02518954707999277
2023-06-15,0.012251619951573645,0.0033073929961089377,0.01965600008154267,0.005488019929138721,0.008085550339071546,0.0,0.0272479558368246,0.013470212865498876,0.01997968167964781,0.012854297550660254,0.021685564919997846,0.005853013418629871,0.0038675500367106874
2023-06-16,-0.0013084399273148861,0.0007756447547022649,0.002409578750574015,0.007797300815356012,-0.014230271668822736,-0.0024390243902439046,-0.01167115205575242,-0.0017721441727650555,0.0076361221779548405,-0.0061828385792146445,-0.002449084144221403,0.0036638359597915837,0.010198317573698601
2023-06-19,0.002702228149254138,-0.003875217981011425,0.012019277059821976,0.00812375556571343,-0.012598425196850394,-0.0024449877750610804,-0.0020128518241903093,-0.01093711815538545,-0.011532125205930832,0.01608543122940409,0.003403641562439219,-0.006227245412016691,-0.0017666776293747688
2023-06-20,0.0008983152636257152,-0.00019451468585873766,0.019002357002653847,0.01688413442343517,-0.0074428495481126955,0.0,-0.0006723038561066152,-0.003686020493455233,0.009333333333333416,0.005276928735523656,0.0011306986944088493,0.006266266994408021,-0.0005899347676817657
2023-06-21,0.005874683706311945,0.01031128404669257,-0.011655056218990323,0.0011321013828493598,0.010444563470808799,0.0,-0.018837480242567706,-0.001286816050691142,0.00297225891677666,-8.015816900397432e-05,0.013997403999865377,-0.017393139381332245,-0.00697102236972047
2023-06-22,-0.008111615914194292,-0.0026959368380512494,-0.03301883821769058,-0.0143234473531888,0.012191889742910078,-0.003676470588235281,-0.007679615642560922,0.0064424687033608485,-0.004939084622983203,-0.0064117611916898465,0.005477851490176988,-0.010052447916796936,-0.010303397145144833
2023-06-23,0.0006542511600697853,0.013709210272253358,-0.02195114093759909,-0.014149098940046678,-0.02251898402723229,-0.008610086100861003,-0.021006139574900606,-0.008193565288023064,0.006287227001985363,0.0007259525450065141,-0.0017432916578594693,-0.009933791216281018,0.0008008201795164371
2023-06-26,0.015691387376332466,-0.004190476190476189,-0.0024938225214576892,-0.008145887751278225,0.014465577283686137,0.008684863523573227,0.019762868411246304,-0.01174652959558986,-0.0042749095692206085,0.008060615989676334,0.005675814167550808,0.0033444517366918447,-0.005487006613100975
2023-06-27,0.009655653278270115,-0.004208110175975555,0.009999990463256836,0.0070395114323063,0.004224980195405292,-0.0012300123001229846,0.022148373774018904,-0.007183848483568123,-0.006605019815059454,0.02566773370008435,-0.0022069239935553764,0.0035555097791883927,0.0017241554698725903
2023-06-28,0.020720420820561136,-0.001344602381867066,0.022277265702401294,0.01941747572815533,0.02524322902971332,0.0,-0.010292450494691407,0.0022365236701431535,-0.015957446808510634,-0.001793178285388941,-0.0038433560750896767,0.00044294330600203047,-0.009064841098055054
2023-06-29,0.01592749263716975,0.0009617234083476589,-0.02905566155785122,0.003809538341703833,-0.004360092331367027,-0.0012315270935960854,0.00875751742765396,-0.0022315327942281638,-0.013851351351351404,0.020931022142286926,0.009135946184913868,-0.01150952729692123,0.004747522346192579
2023-06-30,0.0030741559351672443,0.002305918524212247,0.0049875261309126895,0.0007590306441793704,-0.00025759917568268786,-0.004932182490752113,0.0065110651056834445,0.013945500970963698,0.012675573826652853,-0.0016829958586955795,0.012082979633960766,0.0022390846093389705,0.01532789999434625
2023-07-03,0.002758202563340806,0.014378834355828207,-0.0024814462434759044,0.0007583826233819035,0.02009791290904417,0.0037174721189590088,-0.005390753543607185,-0.004541306286583446,0.002029769959404515,0.00850575180346036,-0.0009622933905082398,0.002680983997617181,-0.010896698082856981
2023-07-04,-0.003973137630354895,0.0013230013230012272,0.014925358971198843,0.012504734040861276,-0.016418287446324786,-0.0024691358024691024,-0.0111111065164744,0.0033889248878562483,-0.0033760972316002613,-0.011169373253444914,0.0007491410977293889,0.0008913072626932639,-0.001549211871457068
2023-07-05,-0.00398898642241674,-0.010381275953189828,0.0024510365364791564,-0.007484987302782575,-0.0015408320493066618,-0.007425742574257432,-0.011235950357712743,0.0033774788656701915,0.0,-0.011295537325936467,0.0007485803054574358,-0.0060106744857202354,-0.0015516156528463387
2023-07-06,-0.002772648032234315,-0.012778943353042194,-0.007335014349416968,-0.021116190181930228,-0.02083333333333337,-0.009975062344139696,-0.0066519308837790225,-0.012946660119847908,-0.01592140921409213,-0.015932194385140153,-0.006233303650934996,-0.01679737593263575,-0.009209197956302484
2023-07-07,0.011121427934214667,-0.005409582689335446,-0.02709357060249551,-0.011556211388311755,-0.021013921723141538,-0.006297229219143552,0.008928562875608836,-0.023871979876970983,-0.011703958691910543,0.004027756245248426,-0.00673836875560041,-0.008200404562126118,-0.0020913245708609196
2023-07-10,0.0054995511058135715,-0.005244755244755206,-0.005063286249386678,-0.0007794410710288968,-0.0034880601019586788,-0.005069708491761693,0.0160398737141092,0.017065362855530175,0.0052246603970742544,0.012900236407414,0.004402429424795518,-0.006430839995619331,0.006519939021693011
2023-07-11,0.019446958146940307,-0.0039054872095294346,0.025445328588419525,0.021060878642038983,-0.009693053311793265,0.005095541401273884,0.020685854295391604,0.005681071360892798,-0.006237006237006182,0.013978434356103797,0.012215254513249896,-0.0006935412046364942,0.009716645424383996
2023-07-12,0.016691546528335488,0.015879239364830378,0.002481327921606491,0.009167294435467044,0.0035345296356714684,0.0,0.004266662597655957,0.003415587197250991,0.0017433751743374248,0.020525331434856575,-0.04631925976185591,0.00393250024156222,0.0032076844582444863
2023-07-13,0.0043974701992857135,-0.026244693168660738,0.03465343262562359,0.0049204829822557805,0.018694120834462202,0.006337135614702172,0.020180518444304685,0.004320526877734654,0.0006961364427426897,0.00157603537611406,0.005098794539205809,0.014516065236594988,0.005481367575726592
2023-07-14,-0.025685852204635706,0.0003963535473643365,0.00478468462867454,0.01393600187818178,0.004255319148936065,0.006297229219143663,-0.010411185066243722,0.006257376647925916,0.0059130434782608265,-0.008092325616093854,0.04702663231075466,-0.014535465509175172,-0.004542890539637745
2023-07-17,-0.011084563653158797,-0.0005942947702060053,-0.004761900436850985,0.0074294488251349655,-0.00019862288135596984,-0.01126408010012514,-0.007364512780791088,0.0037569750790911183,-0.0024204702627939056,0.018960525866862366,-0.0056585303729542735,-0.0082969001849873,-0.010724500000478754
2023-07-18,0.00999702659298296,0.011100099108027672,-0.023923423143372258,0.0202802072286401,-6.622078008078347e-05,-0.006329113924050667,0.018547878036835774,0.009550823847548351,0.0010398613518196598,0.019868099538118855,0.013017511788440128,-0.01998604838517537,-0.001268603523388312
2023-07-19,-0.0005998937514137825,0.024112919035483182,0.01960782480441492,0.011203450129657622,0.025960264900662278,-0.016560509554140124,0.00520293366505209,0.009460468578638581,0.01454293628808867,-0.00894098219700823,0.027526143305537376,0.008774052460002624,-0.005542675935294672
2023-07-20,0.00840332478575534,0.019908116385911168,-0.01201916243550094,-0.0014295571419982167,-0.009811515620965605,0.002590673575129543,-0.011904738399035497,0.012411390175995018,0.005119453924914641,-0.03990026835503446,0.005330409140549497,0.008462570134235126,0.037505755045592615
2023-07-21,0.007440476528371098,-0.005255255255255276,0.002433029615531268,-0.0014316719671705336,-0.0018252933507171276,0.0,0.008905189886596387,0.008756528982536205,0.007470288624787713,-0.00443076088089267,-0.0015295092283467149,-0.0006992500207294583,-0.004364850546263788
2023-07-24,0.0032496489013333907,0.0018867924528302993,0.009708728874782357,-0.007526849008742786,0.023510971786833812,-0.018087855297157618,0.00259601435443213,-0.03695431237716007,-0.0064037748567576935,0.0034530150625502465,-0.005820851411062922,-0.0025659332732774764,-0.002248167157154257
2023-07-25,0.00058894164613843,-0.00790960451977396,-0.0096153757981291,-0.0028891268386818103,0.009698825931597765,-0.013157894736842146,0.015018173151108982,-0.005536959630425331,0.007801899592944306,0.0,0.00900501576661461,-0.0023386877521767158,0.0022532328011353187
2023-07-26,0.0026486213596330632,-0.0005694760820045275,0.0024272400872844546,0.015574078075701658,0.005308392315470201,-0.026666666666666616,0.0071428258634522734,-0.0005179452775946336,-0.010770784247728038,0.05918781051844757,-0.013573585689576673,0.03469297877929245,0.016187077970166053
2023-07-27,-0.0005870401509486811,0.0032288698955365014,0.033898271817493164,0.015335177738494021,-0.0005028916268544625,0.016438356164383494,-0.012158043257392115,-0.008809434948417794,0.0010207553589656193,0.003970854621113018,0.0070865786277221066,-0.01178070805888276,-0.020907072541446636
2023-07-28,0.00029374850086871795,0.002082544490723315,-0.01405150891043383,-0.003161227775150377,-0.005283018867924483,0.006738544474393482,-0.0010256645007010734,0.0045745453450374285,0.00305914343983682,0.007263122273531097,-0.002220303660066203,-0.01352590908151785,-0.002937545248618223
2023-07-31,0.011450363297820232,-0.011713583978839925,0.002375237993840651,0.0014094755711846485,0.0025290844714214167,0.009370816599732157,-0.0015399784395185856,-0.009367697306603362,-0.010843781768891891,-0.0005711560424889184,0.010270455108915222,-0.012316982018595879,-0.005552383725433763
2023-08-01,-0.010159717882935015,-0.0011470082202256204,0.009478777412064598,0.005629832758007769,0.021442986881937465,0.013262599469495928,-0.0071980098460372455,-0.006041490519570369,-0.006166495375128478,0.008500515293395683,0.001829917091673794,-0.01976473191205197,-0.0009115978704113958
2023-08-02,-0.012316662397039546,-0.00746411483253584,-0.01643196429586824,-0.016445042498570706,0.005680414917263565,-0.009162303664921434,-0.029000491011409446,0.0,-0.007583591864874228,0.005170782151863396,0.012718099924728055,-0.022563577812535263,-0.025319356899820566
2023-08-03,0.022565270624905764,-0.006170458927882816,-0.00477326507240694,-0.006403425872196222,-0.02111984282907664,0.0013210039630118242,-0.00693328857421871,-0.001982049752563886,-0.013546370267453978,-0.01176800877915285,-0.039278488603152084,-0.0017190494686930569,-0.011350353745549824
2023-08-04,-0.0023228228672280693,-0.005820721769499437,-0.004796158407816775,0.0007160922858981955,0.008278976417461115,0.005277044854881341,0.079484397182082,0.041705303545461314,-0.010211267605633845,0.0021391028324180272,-0.003685259429107801,0.00787209456320026,-0.005326038106519548
2023-08-07,0.003201414679789627,-0.002146760343481602,-0.004819272401665575,0.00035772169088676975,-0.003981089823339112,0.005249343832020914,0.05074629046793522,0.025292296086056654,0.0067591604411241235,0.014444386900979378,0.018284670938219172,0.005369742570791258,0.008091388597904592
2023-08-08,0.010443881566657431,-0.00488949735967148,0.0,0.002503633922210202,0.016737446914813825,-0.01305483028720622,-0.03977273291710626,-0.007313702135644196,0.0010600706713781438,0.001963938871519577,0.001130788033662844,0.008740046646459554,-0.02927293816336196
2023-08-09,0.012345577601868829,0.011399371069182429,-0.012106583377572533,0.021762350626468585,-0.01302211302211298,-0.006613756613756627,0.02810649287598732,0.0011238303675429329,0.011295446523120312,-0.005950339987382813,-0.013075500270495533,0.0019253662091975876,0.00851172903477293
2023-08-10,-0.005672063464621568,0.008356004663816474,0.007352992737583053,-0.0013966134438246902,0.020911127707244237,-0.009320905459387463,-0.004796181277703981,-0.0021204711591369385,0.011518324607329822,-0.004225395095180495,0.002011643314450584,0.012491002748542979,0.0021702471651474653
2023-08-11,0.009127201434395715,-0.020427828097899448,0.002433029615531268,-0.0013986333913919013,-0.003657644476956823,-0.008064516129032251,0.005301234233810126,0.0,-0.0031055900621117516,-0.00155587857283912,0.0020767924125513204,-0.006643025801471025,0.0039700937290179095
2023-08-14,-0.009892659080041222,0.0047216210899074795,-0.009708728874782357,-0.008053205410966657,-0.011013215859030812,-0.016260162601625994,0.009587672566585548,-0.001875019073486306,0.0020768431983384517,0.011899759326581272,0.0011398105804105718,-0.004776685429247474,-0.003475054484575635
2023-08-15,-0.007707692468526317,-0.020951635010769576,-0.00980391240220746,0.01306038970101775,0.003959415986142023,-0.008264462809917328,-0.012820444314429968,-0.002629919705517736,-0.016234887737478387,-0.011129751722648518,-0.001897556582658777,-0.010079150165605677,-0.0038480917523643354
2023-08-16,-0.008342839897389487,-0.006199999999999983,0.022277265702401294,-0.01045300126948323,-0.01996549174266704,-0.008333333333333304,-0.015392091778786643,-0.020592659495444532,-0.003160112359550604,-0.007220246631363447,-0.001140782882560254,0.006060629179983401,-0.015330718242505759
2023-08-17,0.004061484905441448,0.0010062386798148637,0.002421247401352966,-0.020774653539182952,-0.016599597585513104,0.007002801120448154,-0.015144087754811908,-0.019230769230769273,-0.0031701303275801784,-0.032727246615975925,-0.06378043058132632,-0.015421717645536681,-0.00012262028034681904
2023-08-18,0.004622936856125248,0.015279453156413325,-0.004830913423070071,-0.004674547402483964,-0.0007672634271099765,-0.0027816411682892728,0.01041671594299376,-0.008104611066431788,-0.0010600706713781438,0.005233609287277563,0.020256574173124653,0.013460555262054363,-0.0004904477283561581
2023-08-21,0.0017256650129728879,-0.0023762376237623783,0.0024272400872844546,-0.003974010445765508,-0.0023035577169183696,0.00557880055788007,0.020618559596964126,0.0007907905925177428,-0.0028298549699328213,-0.000586652738279736,0.019021049288966196,-0.006278682487696807,0.0011040722643700374
2023-08-22,-0.005742197887601885,0.005954743946010366,0.01452783077892561,0.013057693664724423,0.022319138019497142,0.004160887656033285,-0.012506022964513197,0.005398946793966575,-0.006030507272082319,-0.0030082062038081503,-0.004230969210297197,0.003888279886625101,0.025854681957739434
2023-08-23,0.0020213598805998156,0.006314127861089203,0.011933105779209363,0.003938439282121342,-0.006273525721455453,0.0,0.00828056846605607,0.009037360251423321,0.009279086366880795,0.020827213198110872,0.0062840689899703595,0.024691299597672245,-0.0004777940150991755
2023-08-24,-0.005187328565364968,0.010588235294117565,-0.004716976888241464,0.012482113505470016,0.0015151515151514694,0.0,-0.026086999788625276,-0.009215979699314314,0.004243281471004279,-0.012904682130210898,0.001951596127993449,0.004724777194363483,-0.031309784142292574
2023-08-25,0.004345240706620679,0.00465657741559955,-0.011848274024543137,-0.017611835531856634,-0.006051437216338829,0.0027624309392264568,0.0019841724122076076,0.006943518493160106,0.0014084507042253502,-0.010224904434755544,-0.011155159154387029,0.009405229422816186,0.013940351799242023
2023-08-28,0.0057686983992575325,0.006373117033603659,0.0119903388448237,0.013266434110096315,0.03145611364789458,0.0013774104683195176,0.01039599388817547,0.0023419243266509238,0.011603375527426074,0.019185291932985127,0.008308479444762096,0.005590423892994689,-0.009733581068185782
2023-08-29,0.00028684073808005195,0.002110919209364903,-0.0023696096070714434,0.0053078420847629815,0.0063944909001476535,0.004126547455295837,0.006369479132148026,0.015186891939788394,0.003823427181091521,0.025774671911719116,0.00031975442859888403,0.010423923374686117,0.0084777300231067
2023-08-30,0.0034403362445554198,0.005936422826503307,0.004750589250663406,0.015487523281268123,0.004887585532746819,0.00273972602739736,-0.013631970504628166,-0.007032290356751458,-0.0010387811634349209,0.003740923669433016,0.0036571464483929894,-0.02338371387933924,0.0028020921346036953
2023-08-31,-0.013428606305803559,-0.001522939272796453,0.0023640075649142833,0.003812779949686984,0.009241245136186738,-0.001366120218579181,-0.0004935947072489677,-0.015194440503889739,-0.011785095320623884,0.011954130286082165,-0.022676631257698365,-0.012676144308377935,-0.0098408162145448
2023-09-01,0.004633647641715033,-0.005529075309818832,-0.004716976888241464,-0.0020718048287007296,0.01421686746987949,0.008207934336525335,0.010864163622443801,0.0022227793081013303,0.00140301648544372,0.019734530370513648,0.0014841223760804212,-0.009985691483626824,0.007730027649300197
2023-09-04,-0.005405016068684376,-0.010161042944785259,0.002369722601664348,0.0017301434279990424,0.013542409123307175,-0.005427408412483015,0.005129505435757409,-0.014579235167397231,-0.0021015761821365775,-0.025247031216727,0.005638449609598473,-0.005763729022285724,-0.017624501123693848
2023-09-05,-0.0018114630095693585,0.0019368584156498336,-0.014184383571866466,0.002072520357899066,0.007969995311767564,-0.004092769440654842,0.0017011092958725271,-0.004931644663104584,-0.0003510003510003301,-0.008633651131883302,0.0018689452495865844,-0.010869583996423016,-0.005980232319126366
2023-09-06,-0.017421559176712065,-0.0011598685482312465,-0.01678661160207673,-0.012064818293978319,-0.006511627906976791,-0.00136986301369868,-0.01795249045492786,-0.012240630036100542,-0.003160112359550604,0.00486568262665088,-0.01119280759529151,0.01318690608589801,0.006359129122655682
2023-09-07,0.010342744460487996,-0.0007741436036384775,-0.004878044241882984,-0.002442417836598154,-0.000234082397003732,-0.002743484224965731,-0.011857696335581758,-0.004040886732159854,0.011623811201127099,0.004070188288103127,0.02053478780191509,0.0007230133624731572,-0.009664214944179461
2023-09-08,-0.010821846936130752,0.004067402672864651,-0.014705868603311245,0.002098617195598562,0.0025755092484196496,0.012379642365887289,-0.0005000114440918413,0.027860393434882447,0.010793871866295213,-0.0016074624307779173,0.000675468149007985,0.007947975136019636,0.00037531313877559036
2023-09-11,-0.003843910978365006,0.01793981481481488,-0.007462679485599422,0.013961592455713712,0.011209715086408112,-0.0040760869565217295,-0.034017024160163056,0.013684222572728277,0.003444712366517333,0.0055302292781167495,0.011865838452211896,-0.010513775238899958,0.018009035241295823
2023-09-12,0.013950764020824735,0.011938601478112654,0.005012586290047416,0.0020654518026446134,0.006697459584295684,-0.0013642564802183177,0.009321611090318926,-0.00311523703163874,-0.008582217645039525,-0.02603735386421613,0.006003761713030187,-0.013281775193089707,-0.005159682568455337
2023-09-13,0.002927355812873955,0.0013108614232208993,-0.012468874783282846,-0.004465855904826177,0.00734113328745134,-0.001366120218579181,-0.024114895786247037,0.006640553210554456,-0.009002770083102463,-0.021872749764792143,-0.004606873031942071,0.0024474373386838,0.004198522151104722
2023-09-14,0.01342682199960299,0.012717411632691134,0.010101000370632551,0.011387161108305177,0.00045547711227511556,0.004103967168262557,0.010515186686506084,0.000646786357998641,0.002795248078266921,0.020388838202192616,-0.006661736802385798,0.038085852803309894,0.007870135170317427
2023-09-15,-0.01094473083971681,-0.0020313942751616354,0.007500052452087402,0.012623706788644995,0.013885727293421413,0.01089918256130784,-0.00936516151184652,-0.021845946588321397,0.0038327526132404532,-0.02033955093723039,-0.000317660296728306,-0.007525885686922473,-0.002318233815625348
2023-09-18,0.0026208547521251457,-0.001480384900074072,-0.004962774165082395,-0.003369285055306759,0.009261338123035534,0.0013477088948787852,-0.0015756662396501087,-0.000660703364253501,0.011801457827143258,0.004605635746283587,0.0074853298073940255,-0.01398104696495961,0.012596385605682325
2023-09-19,-0.004066203555257886,0.008154188287620379,-0.0024938225214576892,-0.006761351029590967,0.0030587842722873404,-0.0013458950201884479,-0.0005260509606226371,0.0019835214366104026,0.002058319039451195,-0.0015280996789125423,-0.002453149570466162,0.000721042913169212,-0.0020532100492022254
2023-09-20,0.0,0.005514705882353033,-0.007499992847442627,0.00034037539712361564,-0.013528498558438629,0.0,0.007894716764751397,0.0006599320835840583,0.011297500855871334,-0.009693183922279247,0.00945043488404318,0.016330412877534783,-0.013917389988014395
2023-09-21,-0.024496941678631368,-0.003473491773308912,-0.002518889267302482,-0.021776094009510527,-0.012140287769784153,-0.005390835579514808,-0.0088772887561549,-0.007254062964542007,0.0023696682464455776,-0.008463417088226066,0.012215953536552249,-0.01606801554948889,-0.012518461345573106
2023-09-22,0.0050821574011341575,-0.0056870299027701465,-0.015151500555948605,0.0045217099397079075,-0.00591715976331364,0.0013550135501354532,-0.006322388555265013,-0.0034541586080950593,-0.00742992232353934,0.000593793762277528,-0.004813622315061106,-0.0002401362902275661,-0.00236145219448447
2023-09-25,0.010113032819446088,-0.03247232472324724,0.010256400224333495,-0.000692470602360995,-0.01717032967032972,-0.0013531799729363803,-0.008483554731397391,-0.0023996840427876753,-0.011228308948622034,0.010310803462809215,0.016929221445388665,-0.023780921107792508,-0.003737329449473581
2023-09-26,-0.01118955428923174,0.009344012204424157,0.0,0.0006929504501766992,-0.004658746797111535,-0.008130081300813052,-0.031550809011579584,0.009354495938976193,-0.006882312456985562,-0.01659320526780017,-0.0199429068092023,-0.0017224333806650227,-0.012754836274741388
2023-09-27,0.015485307168313422,-0.008312866049499323,0.010152274434545472,0.005540227126394903,-0.004680552305172059,0.004098360655737654,-0.01159585779921235,0.00026485201620873866,-0.005890505890505882,0.014857325654040965,0.00048526408384574893,-0.02070498085011696,-0.009246304696093
2023-09-28,0.009090949770167223,-0.02057534768527336,-0.002512560405862674,-0.005509702125222393,-0.017869739007759233,-0.0025267249757044974,-0.005586613608986046,-0.0017207793191409415,0.002439874520739016,0.024424391253647704,0.005925027058828913,-0.016360447120344235,0.006008708941041663
2023-09-29,-0.020924185524437755,0.0025286909161641447,-0.012594446336512521,0.006578966051901114,-0.03208044050754133,-0.002533125487139465,-0.00674151331618722,-0.006364303091917933,0.0073018080667592855,-0.020394946771207345,-0.014639018644187929,0.007164819959808,-0.004193694507766854
2023-10-02,-0.022558573835342544,-0.017850213426464867,-0.005102035851341391,-0.003783990763892131,-0.0009893643334157876,-0.007618675522563123,-0.008484141173140225,-0.011209019748056881,-0.005868139454608179,-0.013488719950835448,0.005138606575547433,-0.02921748129071433,-0.007529402280367248
2023-10-03,0.0012147256348811197,-0.009482418016594218,-0.0333333618620516,-0.005870102704404467,-0.0331765288437732,-0.002559055118110165,-0.009697665124648425,-0.011201104563376751,0.0010416666666666075,-0.031656457856626075,-0.010885458683303595,-0.05208063726707546,-0.015815813046569316
2023-10-04,-0.0012132518667371528,-0.017351416035101708,-0.013262586888394656,-0.016672505533894655,-0.03687580025608195,-0.002565620682849823,-0.012672880931348662,0.020062799072643855,-0.003815469996531373,0.01580843831776968,0.0023556938979973907,-0.0027609029600174084,-0.0035276230628599192
2023-10-05,0.013058010968441947,0.018266693728435257,0.013440847293478164,0.007064668552186459,-0.0013294336612602597,0.0013850415512466352,-0.008751436631955989,-0.0005352009187938878,0.013231197771587766,0.0021908933717578183,0.000947171123784063,0.013842733243272676,-0.0015732938569417154
2023-10-06,0.00959231681563355,-0.010165437512457687,-0.005305034755357818,0.015082437801602344,0.0034611288604899926,0.0027662517289073207,0.02118897087706495,0.0005354875122023373,-0.0158075601374571,-0.0019599710421179806,0.01009288530299779,-0.007099951749860112,-0.0003939432527348963
2023-10-09,0.020190032631065113,0.009262988320579923,-0.002666664123535112,0.0006910349013817818,0.017312284425577085,0.001034482758620614,-0.0017291461663337948,0.004281505271213515,0.009078212290502874,-0.0029456148612314603,0.004996018410707848,0.007975809824852131,-0.01300585204207072
2023-10-10,0.001746145446099856,0.013766959297685455,0.01604276540816718,0.00656079212928895,0.0056725565625610486,0.0003444712366518221,0.02136263543607142,0.012123683609222224,0.015570934256055269,0.012423297158485225,0.0072150938689137245,0.032742189693499846,0.01397581645339474
2023-10-11,0.007844290300028867,0.000787246604998959,0.021052674507501035,0.004802788982133377,-0.00596473029045641,0.0027548209366390353,0.002261108364677744,0.013031431457970477,0.005110732538330387,0.021773316835040468,0.009219914831944065,0.011624810926512241,-0.04318720008332444
2023-10-12,0.0031709603547480647,-0.0021632251720746787,0.01288658526843589,0.009218113416715745,0.00704409079050361,0.0,-0.024252696913580674,-0.002598712975849571,-0.008135593220338966,-0.053749241865219344,0.004584736050166294,-0.020632017828155713,-0.021950864144859916
2023-10-13,0.01120687925858066,-0.03547497043752468,-0.022900801796207793,-0.008119072241347003,-0.005958549222797926,-0.0013736263736263687,-0.010404532125154686,0.011594572236578449,0.00034176349965830966,-0.013852351792429496,0.03140638582927857,-0.009066645304361964,0.009398206765899753
2023-10-16,0.015345295157740857,0.015937883122190355,-0.013020821206737199,-0.006480236563275232,-0.004169924420119875,-0.011004126547455306,0.022196211573527913,0.01996130575537336,-0.007174581482746856,0.01255590104598081,0.023075186434906803,0.01157157747763149,-0.00291827525214583
2023-10-17,0.004757962099652957,0.0022123893805310324,-0.005277039875413392,0.008238986796472059,0.003925673907354099,0.008344923504867818,0.0114286150251115,0.01616169770218434,0.010323468685478288,-0.004262598286919217,-0.004901799748061042,0.0034583695734007325,0.01477348513719523
2023-10-18,-0.006963788004849647,0.006020469596628608,0.0,0.006128648031453299,-0.004692387904066786,0.009655172413793212,-0.005649738822560368,-0.01006467636930708,0.013283378746594021,-0.03852737478867441,0.004314218646357837,-0.004772037521217909,-0.0015107899195166974
2023-10-19,-0.0022440905366192254,-0.00738080989427492,-0.013262586888394656,-0.014551553601661715,-0.010738606600314338,-0.001366120218579181,-0.011931874276684074,-0.015438631301720074,-0.0013445378151260012,-0.005666615034076394,-0.005674132845479907,0.0002664267322993741,-0.004814284577897121
2023-10-20,-0.018273869312781854,-0.013263665594855256,-0.002688169458695655,-0.01614015134470359,0.008737092930897639,-0.002735978112175075,-0.013225966090213759,-0.008159094463650818,0.0,0.0011397817109943809,-0.010929537033493197,-0.005326289942888751,0.004837574035972958
2023-10-23,-0.0022908940593405758,-0.0024439918533605276,-0.008086245574475681,-0.0031413666243012006,-0.02257217847769033,-0.00137174211248281,-0.01631705647641568,-0.0030849033900988143,0.0030292830696734274,0.00081319405650504,-0.0186779158000141,0.004016092456621045,-0.004264065634204228
2023-10-24,-0.0109070340542754,-0.002654144548795423,0.0,0.0,-0.014500537056927998,-0.004120879120879106,0.011255956368719788,0.007607065315331285,-0.007382550335570448,0.0022751180628193257,0.011925019103264711,0.013600031534830803,-0.005940051233613741
2023-10-25,0.0,0.008393039918116685,-0.008152165990639726,-0.008403353487606458,0.01961852861035429,0.006896551724137945,-0.033391898360551675,0.003070989879508268,-0.04022988505747127,-0.10336441149348663,-0.002461922150527429,0.00026306958422583904,-0.0077820673390556205
2023-10-26,0.0034823781128916487,-0.002030044660982555,-0.024657575407222354,-0.004237250465320308,-0.017103153393907,-0.010958904109588996,0.00969696044921875,0.0014032480062258212,-0.014793941528707277,0.029475607425015093,0.0010858750085862567,0.008942640579167715,-0.01442575290315018
2023-10-27,-0.01532685268738676,-0.02237591537835637,0.0,0.007092157807799149,0.0032626427406199365,-0.0013850415512465242,-0.009003578625696895,-0.023949009597681092,-0.025384340364676405,-0.020463743356443076,-0.003221389068423397,0.004171019960408584,-0.013357999214401173
2023-10-30,0.005286352693361085,0.019350811485642883,-0.016853916782002765,-0.01830987551930774,-0.07425474254742548,0.001386962552011095,0.008479672180956577,0.015009055798235194,0.01614086573734408,0.010131846993459037,0.006529518038823845,0.003634459753835806,0.007777630896641297
2023-10-31,0.004966461756238605,0.001837109614206911,0.011428560529436416,0.006097563895667957,0.01375878220140514,-0.0013850415512465242,0.0006006143610182146,0.009901045463521774,-0.006859205776173272,0.006302139724778444,0.013039810531453977,0.02690121397981482,0.008432132736851505
2023-11-01,0.009302316297383983,0.008557457212713837,0.016949136561044797,0.00392159049352947,0.009529309846953549,0.00832177531206657,-0.0018007615198248894,0.021008422544501082,0.007270083605961375,0.0215224023365852,0.0006791443945270981,0.0057934513203015126,0.004109990441631295
2023-11-02,0.03081796247709212,0.014545454545454639,0.016666717440995127,0.014559653751198054,0.015160183066361466,0.00687757909215958,0.03247149385318737,0.012969209176508789,0.0,0.02357312334414252,0.03063899316158092,0.02479338250818497,0.01750173451623227
2023-11-03,0.00810284739058309,0.006172839506172867,0.019125664371920426,0.01715084971481229,0.006903353057199135,0.012295081967213184,0.02679086094517613,0.004431773557550978,-0.023457235654998243,0.0347562233403218,-0.02583969510941697,0.030547409522712954,0.006519645506710692
2023-11-06,-0.009146391749089378,-0.005145458143677062,0.008042887730928872,0.00963526124539893,0.020568070519098924,0.036437246963562764,-0.010209779148924292,-0.0055153446309594845,0.014042867701404393,-0.010842995200933236,-0.012264598852248287,0.0049798217712289095,0.01185226900892733
2023-11-07,-0.012587433928376357,0.00338173861149782,0.007978715815388782,-0.010224922818689364,-0.013161502604880693,-0.02213541666666663,0.08481372364060702,-0.00653190514276103,0.007653061224489832,0.0013186848289810094,-0.0384891073508834,-0.016045266901672295,-0.012802980597312441
2023-11-08,-0.005099158897057476,0.001784298176050747,0.018469639563946982,0.0044765549816871975,-0.023895526535148703,0.0,0.020602186125787014,-0.033618646122732465,-0.006509945750452051,0.007161105950117763,0.00108466029062404,-0.005995226597130032,-0.010623678763768685
2023-11-09,-0.007972630632476219,0.0027706313081337086,-0.005181342349755869,-0.007884797450626202,0.033020210646171444,0.0026631158455392434,-0.016563131463710468,-0.0374839295474888,0.011649071714597836,-0.005230462458777563,-0.02180464637996027,0.005790149084950125,-0.022591030083178643
2023-11-10,0.0011481318987414113,-0.022301164397079187,-0.007812492724042386,-0.016586089866172493,0.003031138054560456,0.0013280212483399723,0.014736878244500318,0.012536606694147245,-0.011874775098956514,0.021196202802993724,0.014883485301525834,-0.0038379156326520114,0.008417805651477872
2023-11-13,0.0014334643213715914,0.026443278159063333,-0.010498677809387513,0.015460314413631826,0.008241758241758212,0.0026525198938991412,-0.019709598266686945,-0.013040014326218485,0.006919155134741395,-0.0017699212815909249,0.00310359022076101,0.002167180742988828,0.019807604977845283
2023-11-14,0.010306344323112393,-0.008849557522123908,0.007957552133036838,-0.03217994178032735,0.006811989100817373,0.010582010582010692,0.03915342783354547,-0.0028026035448734943,-0.0061482820976491714,0.05141847830965873,-0.013735919393417007,0.027150387123701547,0.007075395309108057
2023-11-15,0.002550301792378029,-0.0007936507936507908,0.06052638431004964,0.0,0.009472259810554773,0.011780104712041828,0.006110022554106864,0.004282651092028633,-0.00727802037845704,-0.004905713296888936,-0.024475923588643478,-0.010760234570414307,0.01969968834988567
2023-11-16,-0.01780670008749652,-0.007545671167593304,-0.0024814462434759044,-0.007865545897580595,-0.002412868632707732,0.0,0.03238863270421399,-0.006929694377886597,-0.016129032258064502,-0.004082683778951379,-0.0026150990289871556,0.009694936979470548,0.01161849026417272
2023-11-17,0.01956835410577784,0.009003601440576325,-0.007462679485599422,-0.0007207372167088444,0.025530771298038157,-0.005174644243208237,0.012745109497240392,0.012479875832929421,0.005216095380029762,0.016087879488487777,0.0011338128376243706,0.0021076872515521927,-0.0016024989528431455
2023-11-20,0.00508044887455128,0.0013880626611144642,0.005012586290047416,0.0072124329693847855,0.0034067085953879417,0.0,0.0062924041178789025,0.007289636501047303,-0.012601927353595221,-0.004947810920633344,0.00615794963692351,0.01028281158534905,0.005350475046135061
2023-11-21,0.009547883930365764,0.0005940594059405946,0.007481229740367468,0.0007160922858981955,-0.01201358056933921,0.006501950585175553,0.013467954159047446,-0.01723680998149668,0.014639639639639546,-0.0005355517408582866,0.007703139414135363,-0.019893584681559218,0.0460351106424568
2023-11-22,0.007788561150338547,0.01128042746883029,-0.009900980750178201,0.0014310914879025471,0.02008987575997878,0.01421188630490966,0.005695341289581268,0.013522485926122041,0.0062893081761006275,0.012170008962568035,0.006352778059469877,0.007788527840391302,-0.0031798523437582826
2023-11-23,0.0012420667088743897,0.0005870841487278788,-0.004999995231628418,0.0,0.001295672454003638,0.01273885350318471,0.0018876810214676354,-0.0021136044103344798,-0.009926470588235259,0.0031003933430420183,-0.0007977376070431585,-0.00046835012890800165,0.0038279855371528004
2023-11-24,0.0012405258929613083,-0.0005867396831605864,0.007537741121753427,-0.0007145572678536327,0.0012939958592133038,0.017610062893081757,0.0018841243956038145,-0.0021180811960919144,0.0037133308577794732,0.0030908106143885394,-0.0007983745004067622,-0.005388997105795212,0.0038133879432584727
2023-11-27,0.001927304389107487,-0.0023483365949119595,-0.014962637848739191,0.001787670562626964,-0.017317136210907247,-0.0024721878862793423,0.0028208493018850866,-0.006102402510392735,-0.002959674435812021,0.004208609415817577,-0.005523697426356278,0.013898708327295672,0.0003798756342048293
2023-11-28,-0.0016487375542747484,0.0003923107100822776,0.017721501872853374,0.012134195111823454,-0.0055234087322462155,0.0,0.0,-0.0054724511843994295,0.0044526901669759145,-0.010851646469306586,-0.0006288799944734746,0.015334569298821155,-0.004683579070658639
2023-11-29,0.003027712361970414,-0.013921568627450975,0.012437858450770278,-0.009167849904309633,-0.012430573922242782,-0.022304832713754608,0.02062824827151566,0.009663148571472435,-0.0044329516069450126,0.014905055973330583,-0.08113112606433637,0.007780302238385106,0.002925134998953638
2023-11-30,0.009604893029875994,-0.0009942334460131264,0.01474200006115689,0.010676129287826797,0.010176754151044465,0.006337135614702172,0.0142397546818529,0.01821075443380571,0.0014842300556585641,0.010735071179054811,3.8078768253901885e-05,-0.0038600640958388333,0.005199036641410082
2023-12-01,0.013318778243431195,-0.0015923566878981443,-0.01452783077892561,0.0010563622200168155,0.0013255567338281704,0.00881612090680095,0.011775372725553845,0.013707611914803852,0.003334568358651424,0.025446208154954908,0.023356603837543677,0.002735373534027419,0.009082897075738616
2023-12-04,-0.007778892444361696,0.006180223285486397,0.009828000040771334,0.00773828037259805,0.001853322742917607,0.006242197253433224,0.0062667586701972144,0.008885960057344766,0.006277695716395915,-0.009062752772055482,-0.02271201249380761,0.008183626633158969,-0.0028753060842777733
2023-12-05,-0.01973515338763976,-0.014265900534971232,-0.026764021883460276,0.0041885110237760426,-0.014270613107822405,0.013647642679900818,-0.010231296571167392,0.00868011663215884,-0.006605504587155919,0.0022501092326359107,-0.01951239896297574,-0.0009018512141177881,-0.011785386361960248
2023-12-06,-0.011582961621261156,-0.08361809045226132,0.03750002384185791,0.01911710908270514,0.0010723860589811895,-0.008567931456548328,-0.005393296145321247,0.0043027585640247334,-0.0022164758034725063,0.0053592517623912705,-0.0011250234552533378,0.016700491504906045,0.0027911852519022506
2023-12-07,-0.02539062063442543,0.011844702785698713,0.00722885115223959,-0.00443380498361845,-0.01339046598821636,-0.004938271604938316,0.006326312801912426,-0.016507025560971056,-0.008885597926693856,0.015703735490301574,0.0017476881591460547,-0.00022195948842418378,0.006452456102265636
2023-12-08,0.016890928927374427,0.004335573379579349,0.002392399352277197,0.00034259091123245433,-0.037187839305103165,0.0,-0.005388452481668526,0.012427848217576143,0.007471049682480357,0.016737592981216798,0.0033340518857980506,0.002220193523463365,-0.0025141994967189385
2023-12-11,-0.017736516328719087,-0.010360457586876759,0.0023865756343954825,0.0034246051886412943,0.02142655765435575,-0.00496277915632759,0.003160257157099444,0.013540872440901408,-0.0022246941045606095,0.0030692134454028963,0.1668084059658803,-0.013956518873202262,0.004662920651506974
2023-12-12,-0.01375751076621512,0.0006543075245364349,0.011904807858458266,0.007508574280945757,-0.0049682583494341515,-0.0024937655860348684,0.006300688628416262,0.009114788242139404,0.004830917874396157,-0.00445062153036313,-0.017418981171512415,-0.007863473954043632,0.0045158129056583896
2023-12-13,0.007265329878192395,-0.0021795989537924942,0.0023529950310201553,0.00813007342129124,0.005270457697642117,0.0,0.0071556280431424035,0.028087065721825066,-0.003328402366863936,0.021165120856299957,0.0015840424462898461,0.007925798262243822,0.022727268396720124
2023-12-14,0.0,0.03145478374836164,0.04225347856046224,0.006384426498532658,-0.020695364238410563,-0.0024999999999999467,0.019094151706712692,-0.015766008139735166,0.0044526901669759145,0.04507829692753407,0.004912921490812128,0.032127531382761365,0.01868130342846719
2023-12-15,-0.0011540945096204513,-0.02096569250317659,0.015765804225056357,0.007679450296406376,0.02648633417864188,0.011278195488721776,0.010021766213086147,-0.017730459401880783,0.005171776874769218,-0.0022909157370870625,-0.027256945650836584,-0.0021766983769268,-0.00982859513154466
2023-12-18,0.00231085596542302,0.005407743889249472,-0.035476788498730594,0.0003313528423034562,-0.009332967334614306,-0.008674101610904539,0.0,-0.010332401495524612,-0.004042631385520079,-0.02322373191778848,0.005404500255486333,-0.019197272125363263,0.005447245429336167
2023-12-19,0.010662793191634101,-0.001075731497418242,0.011494296972653917,0.005299762987139189,0.011914657799944495,0.0,0.004745496501438851,-0.00012581303434555657,0.0022140221402213722,0.006984977435664508,0.007703632497609858,0.011343443144113285,-0.01191906926160391
2023-12-20,-0.011405803517527291,0.00624596166271818,0.015909021206140128,0.006589748042076904,0.028477546549835697,0.00374999999999992,-0.02146844054723296,-0.011322198390561478,-0.0003681885125184081,-0.01627417662784514,0.005198419207741667,-0.010996198516110445,-0.017789680637280814
2023-12-21,0.008653102613271235,-0.02204623287671237,-0.013422806620974947,-0.002291315763415791,-0.011980830670926479,-0.0062266500622665255,0.017112741289216915,0.004326300841437147,-0.0007366482504603811,0.0031187974638691163,0.004698273118754148,-0.00022246037570350374,0.016747282767638705
2023-12-22,0.004861257163601973,0.002407528999781139,0.009070286448309206,-0.002952760956022149,-0.008623012665049834,-0.00877192982456143,-0.0017256650129727769,0.009248743875726717,0.002948765204570547,0.0038527025074435173,0.0028596626680190695,0.011565846961356208,-0.0004880541236477187
2023-12-25,-0.00042687375023608976,-0.001048034934497899,0.005393253514718532,0.0023692170117175504,0.013047023647730471,0.0009481668773703156,0.002592910300869722,0.0027302906678507988,0.002425578831311892,-0.0013130037611701617,0.005107514855167583,0.0009234788521979009,0.0034790486874964888
2023-12-26,-0.0001423520164177683,-0.00034971148802220853,0.0017881074547578812,0.0007878723632996909,-0.008317681781593755,0.000315756236185738,0.000862068168189678,0.0009076188260728202,0.0008065698782813158,-0.0004382433355378801,0.0016938535694541734,0.0003075422752785162,0.0011556622904573821
2023-12-27,-0.002562646791716805,-0.0003498338289313896,0.0017849158334497517,0.0007872521091198958,0.004870129870129913,-0.002525252525252486,-0.009474561578817986,0.005253356027164591,0.0008059198476078056,0.0033050418947739857,-0.0032652954974471404,0.00030744772210655746,0.0014580208109109538
2023-12-28,-0.002854652515152045,-0.0015310586176727758,0.004454445163299292,0.00721072801389977,-0.008077544426494332,0.008860759493670933,-0.000869585120159666,0.009580647216030469,-0.0032942898975110158,0.0,0.0008690888390590068,-0.001975812264126575,0.003761286033431288
2023-12-29,-0.0028628248854116745,0.005695509309967095,-0.013303861767558045,-0.0009762050030506231,0.0010857763300760048,0.0,-0.00696256965184161,-0.0016021352525984467,-0.004774146162320969,-0.003495827041754218,0.00016706182887959997,0.0019797238267429407,-0.004230703364117461
